<?xml version="1.0"?>
<chatroom>
  <users>
    <user name="bob"/>
    <user name="alice"/>
    <user name="Tom"/>
    <user name="Mike"/>
  <user name="Jack"/><user name="Lucy"/><user name="Tom"/><user name="Mark"/><user name="Frank"/></users>
  <messages>
    <message name="bob" color="black">Hi</message>
  <message name="Jack" color="black">Hello</message><message name="Jack" color="green">How is your day</message><message name="Jack" color="red">I am good</message><message name="Lucy" color="black">Me too</message><message name="Lucy" color="magenta">See you </message><message name="Tom" color="green">Long time no see</message><message name="Tom" color="yellow">Do you miss me</message><message name="Mark" color="black">Nice to see you</message><message name="Frank" color="green">Good evening</message></messages>
</chatroom>
