<?xml version="1.0"?>
<chatroom>
  <users>
    <user name="bob"/>
    <user name="alice"/>
    <user name="Jack"/>
    <user name="Bye"/>
    <user name="Tom"/>
  <user name="Mike"/></users>
  <messages>
    <message name="bob">hi</message>
    <message name="alice">hello</message>
    <message name="Jack">hello</message>
    <message name="Jack">hello</message>
    <message name="Jack">what happends</message>
    <message name="Tom">Guys</message>
    <message name="Tom">are you ok</message>
    <message name="Tom">no problem</message>
    <message name="Tom">bye</message>
  <message name="Mike">wo o</message></messages>
</chatroom>
